[{"id":"d00bd299.10a69","type":"tab","label":"Flow 3","disabled":false,"info":""},{"id":"8d9fd6bf.6979b8","type":"inject","z":"d00bd299.10a69","name":"","topic":"msg","payload":"{\"location\":\"xxxxxx\",\"nodes\":[{\"id_node\":\"1001\",\"data\":[{\"time\":1574696389,\"fields\":{\"c\":1,\"d\":2,\"e\":395365,\"pw\":0,\"pwf\":1000,\"r\":0,\"t\":0,\"v\":224047}}]},{\"id_node\":\"1002\",\"data\":[{\"time\":1574696389,\"fields\":{\"c\":0,\"d\":56,\"e\":395365,\"pw\":0,\"pwf\":1000,\"r\":0,\"t\":0,\"v\":224047}}]}]}","payloadType":"json","repeat":"","crontab":"","once":false,"onceDelay":0.1,"x":190,"y":200,"wires":[["22715079.799fa"]]},{"id":"343d7dde.eb4c42","type":"debug","z":"d00bd299.10a69","name":"","active":true,"tosidebar":true,"console":false,"tostatus":false,"complete":"true","targetType":"full","x":470,"y":200,"wires":[]},{"id":"22715079.799fa","type":"json","z":"d00bd299.10a69","name":"","property":"payload","action":"obj","pretty":false,"x":340,"y":220,"wires":[["343d7dde.eb4c42","ca6c7e4f.a6385"]]},{"id":"f8661aaf.8cc8d8","type":"debug","z":"d00bd299.10a69","name":"PRUEBA","active":true,"tosidebar":true,"console":false,"tostatus":false,"complete":"true","targetType":"full","x":840,"y":340,"wires":[]},{"id":"c801f51a.c9f2f8","type":"influxdb out","z":"d00bd299.10a69","influxdb":"d68c2624.bf7848","name":"InfluxDB Insert","measurement":"log","precision":"","retentionPolicy":"","x":860,"y":220,"wires":[]},{"id":"6d0b3475.e284bc","type":"function","z":"d00bd299.10a69","name":"SmawJSON to SmawInfluxDB","func":"var outputMsgs = [];\nvar outputMsgs2 = [];\nvar nodeLength = msg.payload.nodes.length;\n\nfor (var i = 0; i < nodeLength; i++) {\n    var data=msg.payload.nodes[i].data;\n    var node=msg.payload.nodes[i].id_node;\n    for(var j =0; j <data.length;j++){\n        for (var field in data[j].fields) {\n           \n            var point=\n            [{\n               // time: new Date(data[j].time *1000),\n                time:new Date(),\n                log_value: data[j].fields[field],\n                log_date_registered: data[j].time *1000\n             },\n             { \n                log_node_id: msg.payload.nodes[i].id_node,\n                log_value_description: field,\n                log_location: msg.payload.location,\n                \n             }  \n            ];\n            outputMsgs.push(point);\n        }\n    }\n} \n\nmsg.payload = outputMsgs;\nreturn msg;\n\n","outputs":1,"noerr":0,"x":290,"y":340,"wires":[[]]},{"id":"ca6c7e4f.a6385","type":"smawjsontoinfluxdb","z":"d00bd299.10a69","name":"","x":600,"y":260,"wires":[["c801f51a.c9f2f8","f8661aaf.8cc8d8"]]},{"id":"d68c2624.bf7848","type":"influxdb","z":"","hostname":"172.26.252.19","port":"8086","protocol":"http","database":"dbtest","name":"Pressing Server","usetls":false,"tls":""}]