[{"id":"59ac200e.42ed08","type":"tab","label":"Flow 1","disabled":false,"info":""},{"id":"9138817b.8bd6","type":"tab","label":"Flow 2","disabled":false,"info":""},{"id":"7c09b689.c96a2","type":"inject","z":"59ac200e.42ed08","name":"","topic":"","payload":"[0,0,0,0,0,0,0,0,0,0,0,0,0,0,0,0,0,1,1,1,1,0,0,0,0]","payloadType":"json","repeat":"","crontab":"","once":false,"onceDelay":0.1,"x":90,"y":40,"wires":[["531c5c55.04e674"]]},{"id":"6237e5f1.31dc1c","type":"debug","z":"59ac200e.42ed08","name":"","active":false,"tosidebar":true,"console":false,"tostatus":false,"complete":"false","x":610,"y":40,"wires":[]},{"id":"136ed434.326604","type":"fft","z":"59ac200e.42ed08","name":"fft","samplingFrequency":"44100","x":310,"y":40,"wires":[["6237e5f1.31dc1c","9366b7ea.8286d"]]},{"id":"90324fba.a3ea3","type":"inject","z":"9138817b.8bd6","name":"Dataset","topic":"","payload":"{\"channel\":\"TP01\",\"color\":\"Red\",\"dataset\":[{\"x\":\"01/02/2019 10:00\",\"y\":10},{\"x\":\"01/02/2019 13:00\",\"y\":8},{\"x\":\"01/02/2019 16:20\",\"y\":15}]}","payloadType":"json","repeat":"","crontab":"","once":false,"onceDelay":0.1,"x":90,"y":40,"wires":[["963a9dd8.bf9bf"]]},{"id":"4b06c062.8f97f","type":"debug","z":"9138817b.8bd6","name":"","active":true,"tosidebar":true,"console":false,"tostatus":false,"complete":"false","x":470,"y":40,"wires":[]},{"id":"963a9dd8.bf9bf","type":"chartjs-line","z":"9138817b.8bd6","name":"Temperature Chart","path":"TP01","charttitle":"Temperature Chart","xaxis":"Dates","yaxis":"Temperature [℃]","x":280,"y":40,"wires":[["4b06c062.8f97f"]]},{"id":"f8dec91c.0a6bb","type":"inject","z":"9138817b.8bd6","name":"Dataset","topic":"","payload":"{\"channel\":\"Population\",\"color\":\"Green\",\"dataset\":[{\"x\":\"Europe\",\"y\":741},{\"x\":\"Australia\",\"y\":24},{\"x\":\"Africa\",\"y\":1.2},{\"x\":\"America\",\"y\":325},{\"x\":\"Asia\",\"y\":4.4}]}","payloadType":"json","repeat":"","crontab":"","once":false,"onceDelay":0.1,"x":87,"y":119,"wires":[["7afbe099.11bd18"]]},{"id":"55da851b.b5d034","type":"debug","z":"9138817b.8bd6","name":"","active":true,"tosidebar":true,"console":false,"tostatus":false,"complete":"false","x":467,"y":119,"wires":[]},{"id":"efca2482.0a67b","type":"chartjs-radar","z":"9138817b.8bd6","name":"Population Chart","path":"POR","charttitle":"Population Chart","xaxis":"Item","yaxis":"Value","x":281,"y":586,"wires":[["b7d342c6.dfe838"]]},{"id":"eb15dfad.632708","type":"inject","z":"9138817b.8bd6","name":"Dataset","topic":"","payload":"{\"channel\":\"Population\",\"color\":\"Blue\",\"dataset\":[{\"x\":1,\"y\":5},{\"x\":2,\"y\":0},{\"x\":3,\"y\":-2},{\"x\":4,\"y\":8},{\"x\":5,\"y\":0}]}","payloadType":"json","repeat":"","crontab":"","once":false,"onceDelay":0.1,"x":81,"y":586,"wires":[["efca2482.0a67b"]]},{"id":"b7d342c6.dfe838","type":"debug","z":"9138817b.8bd6","name":"","active":true,"tosidebar":true,"console":false,"tostatus":false,"complete":"false","x":481,"y":586,"wires":[]},{"id":"7afbe099.11bd18","type":"chartjs-vertical-bar","z":"9138817b.8bd6","name":"Population Chart","path":"POV","charttitle":"Population Chart","xaxis":"Continent","yaxis":"Million","x":287,"y":119,"wires":[["55da851b.b5d034"]]},{"id":"6903d2d7.5c15bc","type":"chartjs-horizontal-bar","z":"9138817b.8bd6","name":"Population Chart","path":"POH","charttitle":"Population Chart","xaxis":"Continent","yaxis":"Million","x":287,"y":200,"wires":[["e0975fbc.091228"]]},{"id":"d0b74c17.446b58","type":"inject","z":"9138817b.8bd6","name":"Dataset","topic":"","payload":"{\"channel\":\"Population\",\"color\":\"Green\",\"dataset\":[{\"x\":\"Europe\",\"y\":741},{\"x\":\"Australia\",\"y\":24},{\"x\":\"Africa\",\"y\":1.2},{\"x\":\"America\",\"y\":325},{\"x\":\"Asia\",\"y\":4.4}]}","payloadType":"json","repeat":"","crontab":"","once":false,"onceDelay":0.1,"x":84,"y":200,"wires":[["6903d2d7.5c15bc"]]},{"id":"e0975fbc.091228","type":"debug","z":"9138817b.8bd6","name":"","active":true,"tosidebar":true,"console":false,"tostatus":false,"complete":"false","x":467,"y":200,"wires":[]},{"id":"48e8c25f.6edc4c","type":"chartjs-pie","z":"9138817b.8bd6","name":"Population Chart","path":"POP","charttitle":"Population Chart","xaxis":"Animals","yaxis":"Percentage [%]","x":287,"y":280,"wires":[["7ebe821a.abc324"]]},{"id":"7ebe821a.abc324","type":"debug","z":"9138817b.8bd6","name":"","active":true,"tosidebar":true,"console":false,"tostatus":false,"complete":"false","x":467,"y":280,"wires":[]},{"id":"5769de0.abd79a4","type":"inject","z":"9138817b.8bd6","name":"Dataset","topic":"","payload":"{\"channel\":\"Population\",\"color\":[\"Red\",\"Yellow\",\"Green\"],\"dataset\":[{\"x\":\"Birds\",\"y\":50},{\"x\":\"Fishes\",\"y\":20},{\"x\":\"Mammals\",\"y\":30}]}","payloadType":"json","repeat":"","crontab":"","once":false,"onceDelay":0.1,"x":80,"y":280,"wires":[["48e8c25f.6edc4c"]]},{"id":"93c9e1a5.b342f8","type":"debug","z":"9138817b.8bd6","name":"","active":true,"tosidebar":true,"console":false,"tostatus":false,"complete":"false","x":467,"y":360,"wires":[]},{"id":"df3badab.c1091","type":"inject","z":"9138817b.8bd6","name":"Dataset","topic":"","payload":"{\"channel\":\"Population\",\"color\":[\"Red\",\"Yellow\",\"Green\"],\"dataset\":[{\"x\":\"Birds\",\"y\":50},{\"x\":\"Fishes\",\"y\":20},{\"x\":\"Mammals\",\"y\":30}]}","payloadType":"json","repeat":"","crontab":"","once":false,"onceDelay":0.1,"x":80,"y":360,"wires":[["f6382f80.043fb8"]]},{"id":"f6382f80.043fb8","type":"chartjs-doughnut","z":"9138817b.8bd6","name":"Population Chart","path":"POU","charttitle":"Poblational Chart","xaxis":"Animals","yaxis":"Percentage [%]","x":287,"y":360,"wires":[["93c9e1a5.b342f8"]]},{"id":"632d155b.bb58a4","type":"chartjs-bubble","z":"9138817b.8bd6","name":"Population Chart","path":"POB","charttitle":"Population Chart","xaxis":"Animals","yaxis":"Percentage [%]","x":283,"y":513,"wires":[["f8b30434.11afe"]]},{"id":"ad9eb27e.63e55","type":"inject","z":"9138817b.8bd6","name":"Dataset","topic":"","payload":"{\"channel\":\"Population\",\"color\":\"Green\",\"dataset\":[{\"x\":10,\"y\":50,\"r\":20},{\"x\":30,\"y\":20,\"r\":10},{\"x\":40,\"y\":30,\"r\":80}]}","payloadType":"json","repeat":"","crontab":"","once":false,"onceDelay":0.1,"x":77,"y":513,"wires":[["632d155b.bb58a4"]]},{"id":"f8b30434.11afe","type":"debug","z":"9138817b.8bd6","name":"","active":true,"tosidebar":true,"console":false,"tostatus":false,"complete":"false","x":477,"y":513,"wires":[]},{"id":"c193af8.9e3975","type":"debug","z":"9138817b.8bd6","name":"","active":true,"tosidebar":true,"console":false,"tostatus":false,"complete":"false","x":464,"y":436,"wires":[]},{"id":"ac81fdee.6bf648","type":"inject","z":"9138817b.8bd6","name":"Dataset","topic":"","payload":"{\"channel\":\"Population\",\"color\":[\"Red\",\"Yellow\",\"Green\"],\"dataset\":[{\"x\":\"Birds\",\"y\":50},{\"x\":\"Fishes\",\"y\":20},{\"x\":\"Mammals\",\"y\":30}]}","payloadType":"json","repeat":"","crontab":"","once":false,"onceDelay":0.1,"x":77,"y":436,"wires":[["1cd68ad6.0272ed"]]},{"id":"1cd68ad6.0272ed","type":"chartjs-polar","z":"9138817b.8bd6","name":"Population Chart","path":"POL","charttitle":"Population Chart","xaxis":"Animals","yaxis":"Percentage [%]","x":284,"y":436,"wires":[["c193af8.9e3975"]]},{"id":"9366b7ea.8286d","type":"function","z":"59ac200e.42ed08","name":"payload2chart","func":"var dataset = [];\nvar pointsNumber = msg.payload.frequencies.length;\nfor (var i = 0; i < pointsNumber; i++) {\n    var point = {\n        x: msg.payload.frequencies[i],\n        y: msg.payload.magnitudes[i]\n    }\n    dataset.push(point);\n}\nmsg.payload = {\n   channel: \"FFT\",\n   color: \"Red\",\n   dataset\n}\nreturn msg;","outputs":1,"noerr":0,"x":440,"y":100,"wires":[["5c41a744.e28f88"]]},{"id":"5c41a744.e28f88","type":"chartjs-line","z":"59ac200e.42ed08","name":"FFT Chart","path":"FFT","charttitle":"FFT Chart","xaxis":"Frequencies [Hz]","yaxis":"Magnitudes","x":610,"y":100,"wires":[[]]},{"id":"531c5c55.04e674","type":"function","z":"59ac200e.42ed08","name":"slice","func":"msg.payload = msg.payload.slice(Math.max(msg.payload.length - 8, 0))\nreturn msg;\n","outputs":1,"noerr":0,"x":210,"y":100,"wires":[["136ed434.326604"]]}]